USE [CultureGR]
GO

SET ANSI_NULLS ON
GO
SET QUOTED_IDENTIFIER ON
GO
CREATE TABLE [dbo].[CATEGORIESMUSEUMS](
	[cat_id] [int] NOT NULL,
	[cat_name] [nvarchar](50) NULL,
 CONSTRAINT [PK_CATEGORIESMUSEUMS] PRIMARY KEY CLUSTERED 
(
	[cat_id] ASC
)WITH (PAD_INDEX = OFF, STATISTICS_NORECOMPUTE = OFF, IGNORE_DUP_KEY = OFF, ALLOW_ROW_LOCKS = ON, ALLOW_PAGE_LOCKS = ON, OPTIMIZE_FOR_SEQUENTIAL_KEY = OFF) ON [PRIMARY]
) ON [PRIMARY]
GO


INSERT INTO CATEGORIESMUSEUMS(cat_id, cat_name) VALUES (1, N'Ιστορικά Μουσεία');
INSERT INTO CATEGORIESMUSEUMS(cat_id, cat_name) VALUES (2, N'Λαογραφικά Μουσεία');
INSERT INTO CATEGORIESMUSEUMS(cat_id, cat_name) VALUES (3, N'Μουσεία τέχνης');
INSERT INTO CATEGORIESMUSEUMS(cat_id, cat_name) VALUES (4, N'Μουσεία φυσικής ιστορίας');
INSERT INTO CATEGORIESMUSEUMS(cat_id, cat_name) VALUES (5, N'Μουσεία τεχνολογίας');
INSERT INTO CATEGORIESMUSEUMS(cat_id, cat_name) VALUES (6, N'Πολεμικά Μουσεία');
INSERT INTO CATEGORIESMUSEUMS(cat_id, cat_name) VALUES (7, N'Μουσεία Επιστημών');
INSERT INTO CATEGORIESMUSEUMS(cat_id, cat_name) VALUES (8, N'Νομισματικά Μουσεία');
INSERT INTO CATEGORIESMUSEUMS(cat_id, cat_name) VALUES (9, N'Εθνολογικά Μουσεία');


CREATE TABLE [dbo].[TIME_PERIODS](
	[per_id] [int] NOT NULL,
	[per_name] [ntext] NULL,
	[per_time_start] [ntext] NULL,
	[per_time_end] [ntext] NULL,
	[per_desc] [text] NULL,
 CONSTRAINT [PK_TIME_PERIODS] PRIMARY KEY CLUSTERED 
(
	[per_id] ASC
)WITH (PAD_INDEX = OFF, STATISTICS_NORECOMPUTE = OFF, IGNORE_DUP_KEY = OFF, ALLOW_ROW_LOCKS = ON, ALLOW_PAGE_LOCKS = ON, OPTIMIZE_FOR_SEQUENTIAL_KEY = OFF) ON [PRIMARY]
) ON [PRIMARY] TEXTIMAGE_ON [PRIMARY]
GO


INSERT INTO TIME_PERIODS (per_id, per_name, per_time_start, per_time_end, per_desc) VALUES 
(1, 'Παλαιολιθική περίοδος', '2.5 εκ. χρόνια π.Χ.', '10,000 π.Χ.', 'Η παλαιότερη φάση της προϊστορίας, όταν οι άνθρωποι ζούσαν ως κυνηγοί-τροφοσυλλέκτες.'),
(2, 'Μεσολιθική περίοδος', '10,000 π.Χ.', '8,000 π.Χ.', 'Μεταβατική περίοδος όπου αναπτύχθηκαν πρωτόγονα εργαλεία και τεχνικές καλλιέργειας.'),
(3, 'Νεολιθική περίοδος', '8,000 π.Χ.', '3,200 π.Χ.', 'Περίοδος σημαντικής εξέλιξης με την καθιέρωση της γεωργίας και των μόνιμων οικισμών.'),
(4, 'Εποχή του Χαλκού', '3,200 π.Χ.', '1,200 π.Χ.', 'Περίοδος που χαρακτηρίζεται από την ευρεία χρήση του χαλκού για εργαλεία και όπλα.'),
(5, 'Εποχή του Σιδήρου', '1,200 π.Χ.', '800 π.Χ.', 'Η εποχή όπου ο σίδηρος αντικατέστησε τον χαλκό ως κύριο υλικό για κατασκευή εργαλείων.'),
(6, 'Αρχαϊκή περίοδος', '800 π.Χ.', '480 π.Χ.', 'Η περίοδος διαμόρφωσης των ελληνικών πόλεων-κρατών και της πρώτης γραπτής λογοτεχνίας.'),
(7, 'Κλασική περίοδος', '480 π.Χ.', '323 π.Χ.', 'Η χρυσή εποχή της αρχαίας Ελλάδας, με μεγάλη ακμή στις τέχνες, τη φιλοσοφία και τη δημοκρατία.'),
(8, 'Ελληνιστική περίοδος', '323 π.Χ.', '30 π.Χ.', 'Περίοδος εξάπλωσης του ελληνικού πολιτισμού υπό την κυριαρχία των επιγόνων του Μεγάλου Αλεξάνδρου.'),
(9, 'Ρωμαϊκή περίοδος', '30 π.Χ.', '330 μ.Χ.', 'Περίοδος κατά την οποία η Ελλάδα βρέθηκε υπό ρωμαϊκή κυριαρχία.'),
(10, 'Βυζαντινή περίοδος', '330 μ.Χ.', '1453 μ.Χ.', 'Η περίοδος του Ανατολικού Ρωμαϊκού Κράτους με έδρα την Κωνσταντινούπολη.'),
(11, 'Οθωμανική περίοδος', '1453 μ.Χ.', '1821 μ.Χ.', 'Περίοδος κατά την οποία η Ελλάδα ήταν μέρος της Οθωμανικής Αυτοκρατορίας.'),
(12, 'Νεότερη Ελληνική περίοδος', '1821 μ.Χ.', 'σήμερα', 'Η περίοδος από την Ελληνική Επανάσταση έως τη σύγχρονη εποχή.');


CREATE TABLE [dbo].[COLLECTIONS](
	[coll_id] [int] NOT NULL,
	[collection_name] [nvarchar](50) NOT NULL,
 CONSTRAINT [PK_COLLECTIONS] PRIMARY KEY CLUSTERED 
(
	[coll_id] ASC
)WITH (PAD_INDEX = OFF, STATISTICS_NORECOMPUTE = OFF, IGNORE_DUP_KEY = OFF, ALLOW_ROW_LOCKS = ON, ALLOW_PAGE_LOCKS = ON, OPTIMIZE_FOR_SEQUENTIAL_KEY = OFF) ON [PRIMARY]
) ON [PRIMARY]
GO


INSERT INTO dbo.COLLECTIONS (coll_id, collection_name)
VALUES
	(1, 'Αγγεία, Ψηφιδωτά, Εργαλεία'),
	(2, 'Ενδυμασία, Επιγραφές, Εργαλεία, Κοσμήματα'),
	(3, 'Επιγραφές, Ενδυμασία'),
	(4, 'Εργαλεία, Σκεύη'),
	(5, 'Νομίσματα'),
	(6, 'Γλυπτά, Αγάλματα, Προτομές, Ταφικά Γλυπτά'),
	(7, 'Έργα Τέχνης, Κατασκευές, Κοσμήματα'),
	(8, 'Κοσμήματα'),
	(9, 'Μουσικά Όργανα'),
	(10, 'Όπλα, Θρησκευτικά Είδη, Εργαλεία'),
	(11,'Θρησκευτικά Είδη'),
	(12, 'Φυσική Ιστορία'),
	(13, 'Τέχνη και Πολιτισμός'),
	(14, 'Τεχνολογία και Επιστήμη');


GO


CREATE TABLE [dbo].[MUSEUMS](
	[mus_id] [int] NOT NULL,
	[mus_region] [nvarchar](150) NOT NULL,
	[mus_name] [nvarchar](150) NULL,
	[mus_desc] [text] NULL,
	[mus_address] [text] NULL,
	[mus_coordinate] [geography] NULL,
	[mus_phone] [nchar](60) NULL,
	[mus_open] [nvarchar](150) NULL,
	[category_id] [int] NOT NULL,
	[collection_id] [int] NOT NULL,
	[mus_avg_rate] [tinyint] NULL,
 CONSTRAINT [PK_MUSEUMS] PRIMARY KEY CLUSTERED 
(
	[mus_id] ASC
)WITH (PAD_INDEX = OFF, STATISTICS_NORECOMPUTE = OFF, IGNORE_DUP_KEY = OFF, ALLOW_ROW_LOCKS = ON, ALLOW_PAGE_LOCKS = ON, OPTIMIZE_FOR_SEQUENTIAL_KEY = OFF) ON [PRIMARY]
) ON [PRIMARY] TEXTIMAGE_ON [PRIMARY]
GO


---SELECT geography::STPointFromText('POINT(25.8569979 40.8476801)', 4326);
---SELECT geography::STPointFromText('POINT(24.9537921 40.9810199)', 4326) AS GeoData;
/******************************************************************/
---Σύνταξη του STPointFromText:

---Το longitude (γεωγραφικό μήκος) πρέπει να γράφεται πρώτο.
---Το latitude (γεωγραφικό πλάτος) πρέπει να γράφεται δεύτερο.
---Στην Ελλάδα:

---Το γεωγραφικό μήκος (longitude) κυμαίνεται από περίπου 19.5 έως 28.5.
---Το γεωγραφικό πλάτος (latitude) κυμαίνεται από περίπου 34.5 έως 41.5.
/*******************************************************************/
DECLARE @g geography;
SET @g = geography::Point(37.9838, 23.7275, 4326);

INSERT INTO MUSEUMS (mus_id, mus_region, mus_name, mus_desc, mus_address, mus_coordinate, mus_phone, mus_open, category_id, collection_id, mus_avg_rate)
VALUES
	(1, 'Ανατολική Μακεδονία και Θράκη', 'Αρχαιολογικό Μουσείο Αλεξανδρούπολης', 'Στη μόνιμη έκθεσή του παρουσιάζονται ευρήματα που αφηγούνται την ιστορία της περιοχής από τους προϊστορικούς έως και τους ρωμαϊκούς χρόνους και προέρχονται από το χερσαίο τμήμα της Περιφερειακής Ενότητας Έβρου.', 'Λεωφόρος Μάκρης 44, Αλεξανδρούπολη 68131', geography::STPointFromText('POINT(40.8476801 25.8569979)', 4326), '(+30)2551026103', 'από 1/11 έως 31/3 Δευτέρα, Τετάρτη, Πέμπτη, Παρασκευή, Κυριακή 08:30  15:30', 1, 1, 5),
	(2, 'Ανατολική Μακεδονία και Θράκη', 'Αρχαιολογικό Μουσείο Αβδήρων', 'To Αρχαιολογικό Μουσείο Αβδήρων παρουσιάζει την εξέλιξη της πόλης των Αβδήρων από την ίδρυσή της τον 7ο αι. π.Χ. μέχρι τον 12ο αι. μ.Χ. Τα εκθέματά του μαρτυρούν τόσο τον τρόπο ζωής και τον πολιτισμό των αρχαίων Αβδηριτών όσο και τον ρόλο που διαδραμάτισε η πόλη στην περιοχή της Θράκης αλλά και στον αρχαίο ελληνικό κόσμο.', 'Δ. Λαζαρίδη 2, ’βδηρα 67061', geography::STPointFromText('POINT(40.9810199 24.9537921)', 4326),  '(+30) 2541051003', 'Καθημερινά εκτός Κυριακή 08:30  15:30', 1, 1, 3),
	(3, 'Ανατολική Μακεδονία και Θράκη', 'Αρχαιολογικό Μουσείο Δράμας', 'το Αρχαιολογικό Μουσείο Δράμας επιχειρεί να σκιαγραφήσει την πολιτιστική φυσιογνωμία της ευρύτερης περιοχής της Περιφερειακής Ενότητας Δράμας διαχρονικά, καθώς στις αίθουσές του παρουσιάζονται ευρήματα από τη μέση παλαιολιθική περίοδο (50.000 χρόνια από σήμερα) έως τους νεότερους χρόνους.', 'Πατριάρχου Διονυσίου 2, Δράμα 66133', 	geography::STPointFromText('POINT(41.1479538 24.1433015)', 4326), '(+30) 2521031365)', 'Καθημερινά εκτός Τρίτης 08:30  15:30', 1, 4, 4),
	(4, 'Ανατολική Μακεδονία και Θράκη', 'Αρχαιολογικό Μουσείο Καβάλας', 'Στην έκθεσή του παρουσιάζεται η ιστορία της Καβάλας από την ίδρυσή της τον 7ο αι π.Χ. (Νεάπολη) έως το τέλος των βυζαντινών χρόνων (Χριστούπολη), καθώς και της ευρύτερης περιοχής της.', 'Ερυθρού Σταυρού 17, Καβάλα 65110', geography::STPointFromText('POINT(40.93570225 24.4037281081839)', 4326), '(+30) 2510222335', 'Καθημερινά εκτός Τρίτης 08:30  15:30', 1, 2, 4),
	(5, 'Ανατολική Μακεδονία και Θράκη', 'Βυζαντινό Μουσείο Διδυμοτείχου', 'Το Βυζαντινό Μουσείο Διδυμοτείχου θέτει στο επίκεντρο της εκθεσιακής του αφήγησης το δίπολο Θράκη-Διδυμότειχο, παρουσιάζοντας μέσα από επιλεγμένα αντικείμενα τον ρόλο που διαδραμάτισαν στην ιστορία της βυζαντινής αυτοκρατορίας. Παράλληλα η έκθεση αναδεικνύει και την πολυπολιτισμικότητα της περιοχής, εστιάζοντας στον τρόπο ζωής και στις συνήθειες των ανθρώπων που την κατοίκησαν κατά τους νεότερους χρόνους.', 'Πλωτινουπόλεως και Σοφοκλέους, Διδυμότειχο 68300', geography::STPointFromText('POINT(41.3474704 26.497726475)', 4326), '(+30) 2553023960', 'από 1/11 έως 31/3 Δευτέρα, Τρίτη κλειστό. Τετάρτη, Πέμπτη, Παρασκευή & Κυριακή: 08:30  15:30. Σάββατο: 13:00  20:00.', 1, 2, 4),
	(6, 'Αττική', 'Εθνικό Αρχαιολογικό Μουσείο', 'Το Εθνικό Αρχαιολογικό Μουσείο ιδρύθηκε το 1893 και στεγάζεται σε νεοκλασικό κτήριο που οικοδομήθηκε μεταξύ των ετών 1866 και 1889. Είναι το μεγαλύτερο μουσείο της Ελλάδας και ένα από τα σημαντικότερα στον κόσμο. Οι πλούσιες συλλογές του, αριθμούν περισσότερα από 11.000 εκθέματα, είναι ένα πανόραμα του αρχαίου ελληνικού πολιτισμού από τις αρχές της προϊστορίας έως την ύστερη αρχαιότητα.', '28ης Οκτωβρίου (Πατησίων) 44, Αθήνα 10682',  geography::STPointFromText('POINT(37.98899787540997 23.733011484146118)', 4326), '(+30) 2132144800', 'Καθημερινά 09:00 - 15:00', 1, 2, 5),
	(7, 'Αττική', 'Αρχαιολογική Συλλογή Αεροδρομίου Αθηνών', 'Περιλαμβάνει ευρήματα που χρονολογούνται από την 3η χιλιετία π.Χ. έως και τη μεταβυζαντινή περίοδο παρουσιάζοντας την ιστορία των Μεσογείων, μιας κατεξοχήν αγροτικής περιοχής της Αττικής.', 'Διεθνής Αερολιμένας Αθηνών Ελευθέριος Βενιζέλος, Σπάτα, Αττική 1900', geography::STPointFromText('POINT(23.9465284918041 37.93732705 )', 4326), '2103530000', 'Καθημερινά', 1, 4, 5),
	(8, 'Αττική', 'Αρχαιολογικό Μουσείο Λαυρίου', 'Το Αρχαιολογικό Μουσείο Λαυρίου φιλοξενεί ευρήματα από την ευρύτερη περιοχή της Λαυρεωτικής (Σούνιο, Θορικός) και από τα μεταλλευτικά - μεταλλουργικά εργαστήρια, αναδεικνύοντας πτυχές της ανθρώπινης ζωής και δραστηριότητας στην περιοχή από το 5000 π.Χ. έως τον 6ο αι. μ.Χ. Σημαντική θέση στο Μουσείο κατέχουν οι ανάγλυφες πλάκες από τη ζωφόρο του ναού του Ποσειδώνα στο Σούνιο, καθώς και επιτύμβια και αναθηματικά ανάγλυφα από τους αρχαίους δήμους της Λαυρεωτικής.', 'Ανδρέα Κορδέλλα 1, Λαύριο, Αττική 19500', geography::STPointFromText('POINT( 37.7168338 24.05389062651)', 4326), '(+30) 2292022817', 'από 1/11 έως 31/3 Καθημερινά 08:30  15:30, Τρίτη κλειστό', 1, 4, 5),
	(9, 'Αττική', 'Βυζαντινό και Χριστιανικό Μουσείο', 'Το Βυζαντινό και Χριστιανικό Μουσείο ιδρύθηκε το 1914 και από το 1930 στεγάζεται στη Villa Ilissia, κτηριακό συγκρότημα που ανεγέρθηκε το 1848 από τον αρχιτέκτονα Σταμάτιο Κλεάνθη ως κατοικία της Γαλλίδας Sophie de Marbois-Lebrun, δούκισσας της Πλακεντίας. Είναι ένα από τα σημαντικότερα μουσεία διεθνώς αφιερωμένο στην τέχνη και τον πολιτισμό των βυζαντινών και μεταβυζαντινών χρόνων. Διαθέτει περισσότερα από 25.000 αντικείμενα, οργανωμένα σε συλλογές, τα οποία χρονολογούνται από τον 3ο έως τον 20ο αιώνα μ.Χ.', 'Λεωφόρος Βασιλίσσης Σοφίας 22, Αθήνα 10675', geography::STPointFromText('POINT(37.974779813113656 23.74470055103302)', 4326), '(+30) 2132139500', 'από 1/11 έως 31/3 Καθημερινά 08:30  15:30, Τρίτη κλειστό', 1, 7, 5),
	(10, 'Αττική', 'Μουσείο Ακρόπολης', 'Η παρουσίαση του πλούτου και της ποικιλίας των αρχιτεκτονικών γλυπτών και των ελεύθερων αναθημάτων της αρχαϊκής εποχής, όπως των διάσημων Κορών και των Ιππέων, ολοκληρώνεται με την παρουσίαση της ζωφόρου και των μετοπών του Παρθενώνα στην ομώνυμη αίθουσα', 'Διονυσίου Αρεοπαγίτου 15, Αθήνα 11742', geography::STPointFromText('POINT(37.9685667 23.7284816413335)', 4326), '(+30) 2109000900', 'Καθημερινά 09:00 - 21:00', 1, 6, 5),
	(11, 'Αττική', 'Αρχαιολογικό Μουσείο Πειραιά', 'To Αρχαιολογικό Μουσείο Πειραιά βρίσκεται κοντά στο λιμάνι της Ζέας. Στη μόνιμη έκθεσή του παρουσιάζονται ευρήματα που προέρχονται κυρίως από την ευρύτερη περιοχή του Πειραιά και από το νότιο παραλιακό μέτωπο της Αττικής. ', 'Χαριλάου Τρικούπη 31, Πειραιάς 18536', geography::STPointFromText('POINT(37.9371628 23.6441568843707)', 4326), '(+30) 2104590731', 'από 1/11 έως 31/3 Καθημερινά 08:30  15:30, Τρίτη κλειστό', 1, 1, 4),
	(12, 'Βόρειο Αιγαίο', 'Αρχαιολογικό Μουσείο Λήμνου', 'Το Αρχαιολογικό Μουσείο Λήμνου στεγάζεται σε διώροφο κτίσμα του 19ου αι., που αρχικά λειτούργησε ως τουρκικό Διοικητήριο. o επισκέψιμος είναι προς το παρόν μόνον ο πρώτος όροφος όπου παρουσιάζονται ευρήματα από τους προϊστορικούς οικισμούς του νησιού, καθώς και γλυπτά και επιγραφές ιστορικών χρόνων από τη Λήμνο, την Ίμβρο και την Τένεδο.', 'Ναυάρχου Κουντουριώτη, Ρωμέικος Γυαλός, Μύρινα 81400', geography::STPointFromText('POINT(39.8802573 25.0623226)', 4326), '(+30) 2254022990', 'από 1/11 έως 31/3 Καθημερινά 08:30  15:30, Τρίτη κλειστό', 1, 6, 4),
	(13, 'Βόρειο Αιγαίο', 'Αρχαιολογικό Μουσείο Μυτιλήνης (Νέο κτήριο)', 'Το Αρχαιολογικό Μουσείο Μυτιλήνης (Νέο κτήριο) εγκαινιάστηκε το 1999 και η έκθεσή του είναι αφιερωμένη στη Λέσβο της ελληνιστικής και ρωμαϊκής περιόδου, κατά τη διάρκεια της οποίας το νησί γνώρισε ιδιαίτερη ανάπτυξη. Ψηφιδωτά δάπεδα, τοιχογραφίες και άλλα ευρήματα προερχόμενα από ρωμαϊκές επαύλεις, καθώς και δείγματα γλυπτικής παρουσιάζονται στις αίθουσές του.', '8ης Νοεμβρίου-Κιόσκι, Μυτιλήνη 81100', geography::STPointFromText('POINT(39.106792 26.5615094393943)', 4326),  '(+30) 2251040223', 'Καθημερινά 09:00 - 21:00', 1, 1, 4),
	(14, 'Βόρειο Αιγαίο', 'Αρχαιολογικό Μουσείο Σάμου', 'Το Αρχαιολογικό Μουσείο Σάμου στεγάζεται σε δύο κτήρια, το παλαιό, διώροφο νεοκλασικό κτήριο που οικοδομήθηκε το 1912, και το νέο, κτήριο που οικοδομήθηκε το 1984. Στο παλαιό κτήριο εκτίθενται ευρήματα από το Ηραίο της Σάμου (αγάλματα, αγγεία, αφιερώματα από χαλκό, ελεφαντόδοντο, ξύλο κ.λπ.), ενώ το νέο στεγάζει τη γλυπτοθήκη του μουσείου, με σημαντικά δείγματα αρχαϊκής περιόδου.', 'Πλατεία Δημαρχείου, Βαθύ 83100', geography::STPointFromText('POINT(37.7544313936541 26.978890299411916)', 4326), '(+30) 2273027469', 'από 1/11 έως 31/3 Καθημερινά 08:30  15:30, Τρίτη κλειστό', 1, 7, 5),
	(15, 'Βόρειο Αιγαίο', 'Αρχαιολογικό Μουσείο Χίου', 'Παρουσιάζονται ευρήματα προερχόμενα από τους προϊστορικούς οικισμούς του νησιού, χαρακτηριστικά έργα του περίφημου χιώτικου εργαστηρίου γλυπτικής, επιγραφές, νομίσματα, πλούσια συλλογή αγγείων, ευρήματα από τα μεγάλα ιερά, ψηφιδωτά δάπεδα και επιτύμβιες στήλες.', 'Μιχάλων 10, Χίος 82100', geography::STPointFromText('POINT(38.3651338 26.1390513)', 4326), '(+30) 2271044239', 'Από 13-5-2024 θα παραμείνει κλειστό μέχρι νεωτέρας.', 1, 2, 4),
	(16, 'Δυτική Ελλάδα', 'Αρχαιολογικό Μουσείο Αγρινίου', 'Φιλοξενεί ευρήματα που προέρχονται από τους κυριότερους αρχαιολογικούς χώρους της Αιτωλοακαρνανίας, μεταξύ των οποίων το Ηρώο της Αλυζίας και το Ηρώο της Καλυδώνας, και χρονολογούνται από τους προϊστορικούς χρόνους έως τη ρωμαϊκή κατάκτηση.', 'Διαμαντή και Καζαντζάκη 1, Αγρίνιο 30131', 	geography::STPointFromText('POINT(38.63066225 21.4091457324419)', 4326), '(+30) 2641027377', 'από 1/11 έως 31/3 Καθημερινά 08:30  15:30, Τρίτη κλειστό', 1, 10, 4),
	(17, 'Δυτική Ελλάδα', 'Αρχαιολογικό Μουσείο Ολυμπίας', 'φιλοξενεί στις αίθουσές του τα ευρήματα που συνδέονται με το Ιερό της Ολυμπίας, ενός από τα μεγαλύτερα και σημαντικότερα θρησκευτικά και λατρευτικά κέντρα της αρχαιότητας. Μεταξύ αυτών περιλαμβάνονται λαμπρά έργα της αρχαίας ελληνικής τέχνης, όπως ο Ερμής του Πραξιτέλη, η Νίκη του Παιωνίου αλλά και ο γλυπτός διάκοσμος από τον ναό του Διός.', 'Αρχαία Ολυμπία 27065', geography::STPointFromText('POINT(37.64351605 21.6294706408377)', 4326), '(+30) 2624022742', 'Καθημερινά 09:00 - 21:00', 1, 11, 5),
	(18, 'Δυτική Ελλάδα', 'Αρχαιολογικό Μουσείο Πύργου', 'Η κοινωνία, η εκπαίδευση, η οικονομία, το εμπόριο και οι επαγγελματικές ασχολίες, τα ταφικά έθιμα των κατοίκων της περιοχής της σημερινής Ηλείας παρουσιάζονται στον επισκέπτη μέσα από ευρήματα που χρονολογούνται από τους προϊστορικούς έως και τους νεότερους χρόνους.', 'Καραϊσκάκη 10, Πύργος 27131', geography::STPointFromText('POINT(37.67138285 21.4406156188737)', 4326), '(+30) 2621020475', 'από 1/11 έως 31/3 Καθημερινά 09:00 - 21:00', 1, 2, 5),
	(19, 'Δυτική Ελλάδα', 'Ξενοκράτειο Αρχαιολογικό Μουσείο Ιεράς Πόλεως Μεσολογγίου', 'Στη μόνιμη έκθεσή του παρουσιάζονται περισσότερα από 1.200 αντικείμενα που καλύπτουν χρονολογικά τις περιόδους από τους προϊστορικούς έως και τους ύστερους ρωμαϊκούς χρόνους (100.000 π.Χ.  3ος αι. μ.Χ.) και προέρχονται από το σύνολο της Π.Ε. Αιτωλοακαρνανίας.', 'Ασ. Φωτήλα 2', geography::STPointFromText('POINT(38.37009276166383 21.427660882472995)', 4326), '(+30) 2631026068', 'από 1/11 έως 31/3 Καθημερινά 09:00 - 17:00', 1, 2, 5),
	(20, 'Δυτική Μακεδονία', 'Αρχαιολογική Συλλογή Δισπηλιού Καστοριάς', 'Η Αρχαιολογική Συλλογή Δισπηλιού είναι αφιερωμένη στον λιμναίο νεολιθικό οικισμό του Δισπηλιού Καστοριάς. Σε αυτήν παρουσιάζονται θέματα που αφορούν στην Οργάνωση του χώρου, στην Οικονομία-Τεχνολογία και στην Ιδεολογία των νεολιθικών γεωργοκτηνοτρόφων.', 'Δισπηλιό, Καστοριά 52057', geography::STPointFromText('POINT(40.48481105 21.292550495852)', 4326), '(+30) 2467085765', 'από 1/11 έως 31/3 Καθημερινά 09:00 - 21:00', 1, 4, 3),
	(21, 'Δυτική Μακεδονία', 'Αρχαιολογική Συλλογή Κοζάνης', 'Στην Αρχαιολογική Συλλογή Κοζάνης εκτίθενται παλαιά και νέα ανασκαφικά σύνολα και συλλογές, συμπεριλαμβανομένων και ευρημάτων των μεγάλων σωστικών ανασκαφών της Περιφερειακής Ενότητας Κοζάνης, σκιαγραφώντας την ιστορία της περιοχής από τους προϊστορικούς έως και τους ρωμαϊκούς χρόνους.', 'Δημοκρατίας 8, Κοζάνη 50131', geography::STPointFromText('POINT(40.30228157225952 21.785558760166168)', 4326),  '(+30) 2461026210', 'από 1/11 έως 31/3 Καθημερινά 08:30  15:30, Τρίτη κλειστό', 1, 2, 4),
	(22, 'Δυτική Μακεδονία', 'Αρχαιολογικό Μουσείο Φλώρινας', 'Το Αρχαιολογικό Μουσείο Φλώρινας περιλαμβάνει αντιπροσωπευτικά ευρήματα ανασκαφών από αρχαιολογικές θέσεις της Περιφερειακής Ενότητας Φλώρινας, καλύπτοντας μια μακρά περίοδο από τους νεολιθικούς έως και τους βυζαντινούς χρόνους.', 'Σιδηροδρομικού Σταθμού 8, Φλώρινα 53100', geography::STPointFromText('POINT(40.78076515 21.4137781079334)', 4326), '(+30) 2385028206', 'από 1/11 έως 31/3 Καθημερινά 08:30  15:30, Τρίτη κλειστό', 1, 1, 4),
	(23, 'Ήπειρος', 'Αρχαιολογικό Μουσείο ’ρτας', 'Η έκθεση του Αρχαιολογικού Μουσείου ’ρτας είναι αφιερωμένη στην ίδρυση, την ακμή και την καταστροφή της Αμβρακίας, της κορινθιακής αποικίας που βρίσκεται θαμμένη κάτω από τη σύγχρονη πόλη της ’ρτας. Παρουσιάζει την ιστορία της μέσα από το δημόσιο και ιδιωτικό βίο των Αμβρακιωτών, τα νεκροταφεία της πόλης, αλλά και το «τέλος» της στα ρωμαϊκά χρόνια.', 'Περιοχή «Τρίγωνο» ’ρτας, ’ρτα 47100', geography::STPointFromText('POINT(39.14952335 20.9793951319486)', 4326), '(+30) 2681021191', 'από 1/11 έως 31/3 Καθημερινά 09:00 - 21:00', 1, 2, 4),
	(24, 'Ήπειρος', 'Αρχαιολογικό Μουσείο Ηγουμενίτσας', 'Η μόνιμη έκθεση του Αρχαιολογικού Μουσείου Ηγουμενίτσας περιλαμβάνει εκθέματα που καλύπτουν, χρονολογικά, μία ιδιαίτερα μεγάλη περίοδο ανθρώπινης παρουσίας στον θεσπρωτικό χώρο, από τη μέση παλαιολιθική περίοδο (100.000 χρόνια πριν από σήμερα) έως τους χρόνους της οθωμανικής κυριαρχίας, με το ενδιαφέρον να επικεντρώνεται στην ελληνιστική εποχή, περίοδο άνθησης για τις θεσπρωτικές πόλεις.', '28ης Οκτωβρίου 2, Ηγουμενίτσα 46100', geography::STPointFromText('POINT(39.51143815 20.2587941260403)', 4326), '(+30) 2665028539', 'Καθημερινά 09:00 - 16:00', 1, 10, 4),
	(25, 'Ήπειρος', 'Αρχαιολογικό Μουσείο Ιωαννίνων', 'Περιλαμβάνει ευρήματα από όλη την Ήπειρο, καλύπτοντας μια χρονική περίοδο από την κατώτερη παλαιολιθική εποχή (250.000 χρόνια πριν) έως τους ύστερους ρωμαϊκούς χρόνους. Ιδιαίτερη έμφαση δίνεται στα ευρήματα από το ιερό της Δωδώνης, ένα από τα σπουδαιότερα μαντεία του αρχαίου ελληνικού κόσμου.', 'Πλατεία 25ης Μαρτίου 6, Ιωάννινα 45221', geography::STPointFromText('POINT(39.66666475 20.8560010015229)', 4326), '(+30) 2651001089', 'από 1/11 έως 31/3 Καθημερινά 08:30  15:30, Τρίτη κλειστό', 1, 11, 5),
	(26, 'Δυτική Ελλάδα', 'Μουσείο της Ιστορίας των Ολυμπιακών Αγώνων', 'Το Μουσείο της Ιστορίας των Ολυμπιακών Αγώνων της Αρχαιότητας φιλοξενεί πάνω από 400 αρχαία έργα, που προέρχονται από το Ιερό του Διός της Ολυμπίας, αλλά και από άλλα Μουσεία της ελληνικής επικράτειας. Τα εκθέματα καλύπτουν μεγάλο χρονολογικό φάσμα, από τη δεύτερη χιλιετία π.Χ. έως και τον 5ο αι. μ.Χ. Τα αρχαία έχουν εκτεθεί κατά θεματικές ενότητες και μέσα από αυτά παρουσιάζεται η υπερχιλιετής ιστορία των Ολυμπιακών αγώνων, του μακροβιότερου θεσμού της αρχαιότητας.', '', geography::STPointFromText('POINT(37.64105456051856 21.625544080459278)', 4326), '30 26240 29119', 'Καθημερινά (Δευτέρα - Κυριακή): 08:30 - 15.30', 1,  10, 5),
	(27, 'Αττική', 'Ναυτικό Μουσείο Ελλάδoς', 'Στος 10 μεγάλες αίθουσες που έχουν συνολική επιφάνεια περίπου 1850 τ.μ. παρουσιάζεται με ανάγλυφο τρόπο η ναυτική πορεία του ελληνισμού μέσα στους αιώνες. Στην πρώτη στεγάζεται η Ναυτική Πινακοθήκη, με έργα των σημαντικότερων θαλασσογράφων του 19ου και 20ου αιώνα (Προσαλέντη-Βολανάκη-Χατζή κ.ά.). Στη συνέχεια παρουσιάζεται η ναυτική δραστηριότητα των Ελλήνων στην προϊστορία, στην αρχαιότητα, στη βυζαντινή και μεταβυζαντινή περίοδο ως το τέλος του 18ου αιώνα, στους Βαλκανικούς Πολέμους και από τον Β Παγκόσμιο Πόλεμο έως τις μέρες μας. Παράλληλα, δίνεται έμφαση στη μετάβαση από την ιστιοφόρο ναυτιλία στην ατμοπλοΐα. Οι τελευταίες εκθεσιακές ενότητες αφορούν την ιστορία και εξέλιξη του εμπορικού ναυτικού.', 'Ακτή Θεμιστοκλέους, Φρεαττύς, Τ.Κ. 185 37, Πειραιάς (Νομός Αττικής)', geography::STPointFromText('POINT(37.92815220845 23.63789)', 4326), '+30 210 4516264, 4286959', 'Δευτέρα, Κυριακή και αργίες κλειστά. Τρίτη - Σάββατο: 09.00 - 14.00', 6, 10, 4),
	(28, 'Νότιο Αιγαίο', 'Ναυτικό Μουσείο Αιγαίου', 'Στα εκθέματα του Μουσείου περιλαμβάνονται ομοιώματα πλοίων από την προ-Μινωϊκή περίοδο μέχρι τις αρχές του 20ού αιώνα, ιστορικά ναυτιλιακά έγγραφα, σπάνια χαρακτικά και χάρτες, αρχαία αντικείμενα, ναυτικά όργανα, εξαρτήματα και εργαλεία, καθώς και νομίσματα με ναυτικά θέματα από τον 5ο αιώνα π.Χ..', 'Ενόπλων Δυνάμεων 10, Μύκονος (Νομός Κυκλάδων)', geography::STPointFromText('POINT(37.44527903074 25.32839621717)', 4326), '+30 22890 22700 , 210 8125547', 'Από 1η Απριλίου έως 30 Νοεμβρίου Τρίτη με Κυριακή: 10:00-13:00 & 18:00  21:00', 6, 10, 4),
	(29, 'Αττική', 'Νομισματικό Μουσείο', 'Το Νομισματικό Μουσείο είναι ένα από τα παλαιότερα κρατικά μουσεία της Ελλάδος. Θεσμοθετήθηκε το 1834, την ίδια χρονιά με το Εθνικό Αρχαιολογικό Μουσείο. Η αρχαιολατρία της εποχής διαδεδομένη σε όλη την Ευρώπη και η πρόσφατη ίδρυση του νεοελληνικού κράτους δημιούργησαν τις συνθήκες της προστασίας της εθνικής πολιτιστικής κληρονομιάς. Έτσι, από την αρχή, η ιστορία του Μουσείου συνδέθηκε άμεσα με την ιστορία του νεοελληνικού κράτους, τις κοινωνικές συνθήκες και τις πολιτιστικές κατευθύνσεις της κάθε εποχής. Καθοριστικό ρόλο στην πορεία του όμως, έπαιξε και η προσωπικότητα των ανθρώπων που το διεύθυναν.', 'Ελ. Βενιζέλου 12, Αθήνα 106 71', geography::STPointFromText('POINT(37.97775645 23.735391134)', 4326), '+30 2103632057', 'Από 1 Νοεμβρίου 2024 έως 31 Μαρτίου 2025 Τετάρτη  Δευτέρα: 08.30  15.30<br>Τρίτη κλειστό', 8, 5, 3),
	(30, 'Πελοπόννησος', 'Μουσείο Επιστημών και Τεχνολογίας Πανεπιστημίου Πατρών', 'Το ΜΕΤ ασχολείται με τη συγκρότηση συλλογών και την τεκμηρίωσή τους με σκοπό την αξιοποίησή τους σε εκθεσιακούς χώρους αλλά και εκπαιδευτικά προγράμματα. Το υλικό το οποίο συγκροτεί και εμπλουτίζει τις συλλογές του Μουσείου αποτελείται από σκεύη, εργαλεία, μηχανήματα, τεχνολογικούς εξοπλισμούς, αρχειακό και φωτογραφικό υλικό, χάρτες, βιβλία και άλλο συνοδευτικό υλικό. Το υλικό του Μουσείο προέρχεται κυρίως από δωρεές. Για τον εμπλουτισμό των συλλογών το ΜΕΤ είναι σε επαφή με φορείς οι οποίοι μπορούν να βοηθήσουν. Καλεί επίσης όλους τους φορείς και τα άτομα που έχουν στην κατοχή τους σχετικό υλικό ή γνωρίζουν την ύπαρξη του να συμβάλλουν στην προσπάθεια του Μουσείου.', 'Πανεπιστημιούπολη Πατρών 265 04', geography::STPointFromText('POINT(38.28777600591 21.78474302675)', 4326), '', 'Δευτέρα - Παρασκευή 9:00 - 14:00', 7, 14, 5),
	(31, 'Κεντρική Μακεδονία', 'Κέντρο Ιστορικής Διαδρομής Εβραϊσμού Θεσσαλονίκης', 'Το Κέντρο περιλαμβάνει εξειδικευμένη βιβλιοθήκη με μελέτες για την ιστορία, λαογραφία, γλωσσολογία του εβραϊσμού της Ελλάδος. Επίσης δισκοθήκη-κασσετοθήκη με λαϊκά και δημοτικά τραγούδια των Ελλήνων Εβραίων. Ακόμη διαρκή έκθεση 300 φωτογραφιών και χαρτών της περιόδου 1880-1943, με θέματα από την ζωή των Εβραίων της Θεσσαλονίκης, και μικρή πτέρυγα μουσείου, όπου εκτίθενται εβραϊκά λατρευτικά αντικείμενα, παραδοσιακές ενδυμασίες, παλαιές εβραϊκές εφημερίδες και εκδόσεις.', 'Βασ. Ηρακλείου 26, Τ.Κ. 54624, Θεσσαλονίκη (Νομός Θεσσαλονίκης)', geography::STPointFromText('POINT(40.63450691337 22.94146102366860)', 4326), '+30 2310 2279063, 223231', 'Από 1η Νοεμβρίου έως 31 Μαρτίου 2010  08:30-15:00 ', 1, 3, 5),
	(32, 'Κεντρική Μακεδονία', 'Λευκός Πύργος: Μουσείο', 'Ο Λευκός Πύργος, το εμβληματικό μνημείο της Θεσσαλονίκης, φιλοξενεί από τις 5 Σεπτεμβρίου 2008 έκθεση αφιερωμένη στη Θεσσαλονίκη, την πόλη που δεν έπαψε ποτέ να είναι πόλη στη μακραίωνη ιστορική παρουσία της και που ήταν ανοιχτή στη συνύπαρξη ανθρώπων με διαφορετική καταγωγή, θρησκεία και κουλτούρα. Η έκθεση διατρέχει συνοπτικά και με πανοραμική ματιά την ιστορία της πόλης από την ίδρυσή της το 316/15 π.Χ. μέχρι τις μέρες μας. Ο στόχος της δεν είναι να υποκαταστήσει τα άλλα μουσεία της πόλης, αντιθέτως, φιλοδοξεί να «συστήσει» τη Θεσσαλονίκη κυρίως στους κατοίκους της και να κεντρίσει το ενδιαφέρον τους για παραπέρα γνωριμία μέσα από τα θεματικά μουσεία και τα μνημεία της.', 'Παλαιά παραλία Θεσσαλονίκης, Θεσσαλονίκη (Νομός Θεσσαλονίκης)', geography::STPointFromText('POINT(40.62636539360450  22.948334258804)', 4326), '2310267835', 'Από 1η Νοεμβρίου έως 31 Μαρτίου 2010  08:30-15:00', 1, 3, 5),
	(33, 'Αττική', 'Μουσείο και Κέντρο Μελέτης του Ελληνικού Θεάτρου', 'Στις αίθουσες του εκτίθενται τεκμήρια της θεατρικής ζωής, σκηνικά κοστούμια και σκηνικά αντικείμενα, φωτογραφίες, μακέτες, προσωπικά αντικείμενα σημαντικών ανθρώπων του θεάτρου, αφίσες και προγράμματα. Η βιβλιοθήκη περιλαμβάνει περί τους 25.000 τόμους για το θέατρο από την ελληνική και ξένη βιβλιογραφία. Το δε θεατρικό αρχείο, χειρόγραφα του 18ου αιώνα, προγράμματα και αφίσες από θιάσους από τον 19ο αιώνα.', 'Ακαδημίας 50, Τ.Κ. 10679, Αθήνα (Νομός Αττικής)', geography::STPointFromText('POINT(37.98121474553 23.734932700022)', 4326), '+30 210 3629430, 3637453', 'Από 1η Νοεμβρίου έως 31 Μαρτίου 2010: 08:30-15:00', 9, 13, 4),
	(34, 'Πελοπόννησος', 'Μουσείο της Ελιάς και του Ελληνικού Λαδιού', 'Το Μουσείο της Ελιάς και του Ελληνικού Λαδιού στη Σπάρτη έχει ως κύριο σκοπό να αναδείξει τον πολιτισμό και την τεχνολογία της ελιάς και της ελαιοπαραγωγής, που συνδέεται άρρηκτα με την ελληνική, και γενικότερα τη μεσογειακή ταυτότητα. Είναι μοναδικό στο είδος του στην Ελλάδα και βρίσκεται στην καρδιά της Λακωνίας, μιας από τις κύριες ελαιοπαραγωγούς περιοχές της χώρας μας.', 'Όθωνος - Αμαλίας 129, Τ.Κ. 23100, Σπάρτη (Νομός Λακωνίας)', geography::STPointFromText('POINT(37.07058133628 22.4262401929262)', 4326),	'+30 27310 89315, +30 210 3256922-3', '16 Οκτωβρίου-28 Φεβρουαρίου: 10.00- 17.00 1η Μαρτίου-15 Οκτωβρίου: 10:00-18:00', 4, 13, 3),
	(35, 'Νότιο Αιγαίο', 'Αρχαιολογικό Μουσείο Καστελλόριζου', 'Το Αρχαιολογικό Μουσείο Καστελλόριζου στεγάζεται από το 1984 στο "Κονάκι" που αποτελεί τμήμα του μεσαιωνικού Κάστρου του Αγ. Νικολάου. Βρίσκεται στη συνοικία "Κάβος" και πρόκειται για διώροφο κτίσμα, του οποίου το ισόγειο ανάγεται στα χρόνια της Ιπποτοκρατίας, ενώ ο όροφος αποτελεί προσθήκη του 19ου αι., εποχή Τουρκοκρατίας.', 'Μεγίστη (Νομός Δωδεκανήσου)', geography::STPointFromText('POINT(36.151557010643 29.593552924569)', 4326), '+30 22460 49283', 'Τετάρτη ως και Δευτέρα 08:30-15:30', 1, 1, 5),
	(36, 'Κρήτη', 'Βυζαντινή και Μεταβυζαντινή Συλλογή Χανίων', 'Το πλούσιο αρχαιολογικό υλικό, το οποίο έχει συγκεντρωθεί από τις ανασκαφές που επί πολλά χρόνια διενεργεί η 13η Εφορεία Βυζαντινών Αρχαιοτήτων στο νομό Χανίων, αλλά και από περισυλλογές και δωρεές, αποτέλεσε μια Συλλογή στην οποία καταγράφεται με σαφήνεια η ιστορική πορεία του δυτικότερου νομού της Κρήτης από τα παλαιοχριστιανικά χρόνια έως και την τουρκοκρατία. Αντιπροσωπευτικά δείγματα αυτής της Συλλογής εκτίθενται στο ναό του San Salvatore.', 'Θεοτοκοπούλου 78, Τ.Κ. 73131, Χανιά (Νομός Χανίων)', geography::STPointFromText('POINT(35.5184569330556 24.015186969686)', 4326), '+30 28210 96046', 'Από 1η Νοεμβρίου 2024 έως την 31η Μαρτίου 2025 08:30-15:30', 1, 10, 4),
	(37, 'Αττική', 'Μουσείο Γουλανδρή Φυσικής Ιστορίας', 'Το Μουσείο Γουλανδρή Φυσικής Ιστορίας (Μ.Γ.Φ.Ι.) ιδρύθηκε το 1964 από τον ’γγελο Γουλανδρή και τη Νίκη Γουλανδρή, αποτελεί το πρώτο μουσείο φυσικής ιστορίας στην Ελλάδα και τον πρώτο ελληνικό φορέα που καθιέρωσε την περιβαλλοντική εκπαίδευση.', 'Λεβίδου 13 και Όθωνος 100, 145 62 Κηφισιά', geography::STPointFromText('POINT(38.07437 23.81466)', 4326), '210 8015870', 'Καθημερινά 09:00 - 16:00', 4, 12, 6),
	(38, 'Αττική', 'Εθνική Πινακοθήκη - Μουσείο Αλεξάνδρου Σούτσου', 'Το νέο εκσυγχρονισμένο κτηριακό συγκρότημα της Εθνικής Πινακοθήκης αρθρώνεται σε ένα αισθητικό και λειτουργικό παιχνίδι κτιστών όγκων και υπαίθριων χώρων. το μέγεθος του διπλασιάστηκε στα 20.760 μ2: νέοι μεγαλύτεροι εκθεσιακοί χώροι, σύγχρονες αποθήκες έργων τέχνης, αμφιθέατρο 240 θέσεων, βιβλιοθήκη σύγχρονα και πλήρως εξοπλισμένα εργαστήρια συντήρησης.', 'Βασ. Κωνσταντίνου 50, 116 34, Αθήνα', geography::STPointFromText('POINT( 37.97559497406455 23.7493779939187)', 4326), '+30 214 40 86 201',  'Καθημερινά 09:00  16:00', 3, 13, 5),
	(39, 'Πελοπόννησος', 'Κουμαντάρειος Πινακοθήκη Σπάρτη', '', 'Κωνσταντίνου Παλαιολόγου 123 & Θερμοπυλών 23100, Σπάρτη', geography::STPointFromText('POINT( 37.07695764737334 22.429012602272806)', 4326),  '+30 27310 81822', 'Καθημερινά 10.00  15.00', 3, 7, 4),
	(40, 'Πελοπόννησος', 'Εθνική Πινακοθήκη Ναυπλίου', 'Παρουσιάζει έργα από τις συλλογές της Ε.Π.Μ.Α.Σ., με ιστορική θεματολογία από τον Αγώνα του 21, που δίνουν  αισθητή μορφή στον ιστορικό χαρακτήρα της πρώτης πρωτεύουσας του ελληνικού κράτους. Διαθέτει και χώρο όπου εναλλάσσονται περιοδικές εκθέσεις.', 'Σιδηράς Μεραρχίας 23 21100, Ναύπλιο', geography::STPointFromText('POINT(37.56615366257611 22.80446382054443)', 4326), '+30 27520 21915', 'Καθημερινά 10.00  15.00', 3, 2, 5),
	(41, 'Αττική', 'Εθνική Γλυπτοθήκη', 'Η Εθνική Γλυπτοθήκη στεγάζεται σε δύο κτήρια των πρώην βασιλικών στάβλων, στο ’λσος Στρατού, Γουδή. Έχει ενα πάρκο γλυπτικής, με την έκθεση μεγάλων έργων.',  '’λσος Στρατού, Γουδή 115 25 Αθήνα', geography::STPointFromText('POINT(37.98700875 23.776904327299)', 4326), '+30 210 77 09 855', 'Καθημερινά 09:00  16:00', 3, 6, 5);
GO


CREATE TABLE UserRoles (
    RoleID INT PRIMARY KEY IDENTITY(1,1), 
    RoleName NVARCHAR(50) NOT NULL UNIQUE);

CREATE TABLE Users (
    UserID INT PRIMARY KEY IDENTITY(1,1), 
    Username NVARCHAR(50) NOT NULL UNIQUE, 
    PasswordHash NVARCHAR(255) NOT NULL, 
    Email NVARCHAR(100) NOT NULL UNIQUE, 
    RoleID INT NOT NULL, 
    FOREIGN KEY (RoleID) REFERENCES UserRoles(RoleID));



INSERT INTO UserRoles (RoleName) VALUES ('CultureGRAdmin');   --- full access on the database
INSERT INTO UserRoles (RoleName) VALUES ('Viewer');					--- only reading
INSERT INTO UserRoles (RoleName) VALUES ('Subscriber');				--- reading and writing NOT deleted
INSERT INTO UserRoles (RoleName) VALUES ('Writer');					--- reading, writing, updated NOT deleted
INSERT INTO UserRoles (RoleName) VALUES ('Banned');					--- Banned User

select * from Users
select * from UserRoles

-- Insert users into Users
INSERT INTO Users (Username, PasswordHash, Email, RoleID)
VALUES ('CultureJohn', HASHBYTES('SHA2_256', 'std_admin_157733'), 'antoniou_ioannis@aueb.gr', 1); 

INSERT INTO Users (Username, PasswordHash, Email, RoleID)
VALUES ('WriterGiannis', HASHBYTES('SHA2_256', 'std157733'), 'std157733@ac.eap.gr', 4); 

INSERT INTO Users (Username, PasswordHash, Email, RoleID)
VALUES ('WriterAfentra', HASHBYTES('SHA2_256', 'ak24011971'), 'afentrak@gmail.com', 4);

INSERT INTO Users (Username, PasswordHash, Email, RoleID)
VALUES ('ReaderDimitris', HASHBYTES('SHA2_256', 'std_read_157733'), 'draranch@gmail.com', 2);

INSERT INTO Users (Username, PasswordHash, Email, RoleID)
VALUES ('SubGiannis', HASHBYTES('SHA2_256', 'std_sub_157733'), 'antoniouioannis10@gmail.ocm', 3); 

INSERT INTO Users (Username, PasswordHash, Email, RoleID)
VALUES ('ReaderGiannis', HASHBYTES('SHA2_256', 'std_read2_157733'), 'aj10051973@gmail.com', 2);

INSERT INTO Users (Username, PasswordHash, Email, RoleID)
VALUES ('SubGiorgos', HASHBYTES('SHA2_256', 'seniorGiorgos'), 'georgealvanos4@gmail.com', 3); 

INSERT INTO Users (Username, PasswordHash, Email, RoleID)
VALUES ('SubGanton', HASHBYTES('SHA2_256', 'Ganton'), 'ganton@gmail.com', 5); 

INSERT INTO Users (Username, PasswordHash, Email, RoleID)
VALUES ('WriterHistorical', HASHBYTES('SHA2_256', 'cult_arch'), 'arch@gmail.com', 4);  --- Καταχώρηση Ιστορικών Μουσείων

INSERT INTO Users (Username, PasswordHash, Email, RoleID)
VALUES ('WriterArts', HASHBYTES('SHA2_256', 'cult_art'), 'art@gmail.com', 4);   --- Καταχώρηση Τέχνης & Πολιτισμού

INSERT INTO Users (Username, PasswordHash, Email, RoleID)
VALUES ('WriterThematic', HASHBYTES('SHA2_256', 'cult_tema'), 'tema@gmail.com', 4);   --- Καταχώρηση Θεματικων (Πολεμου, Επιστημης, Φυσικης Ιστοριας)

select * from Users
order by UserID;

select * from UserRoles
order by RoleID;

